{"Val/aug_lagrangian": 1.004414439201355, "Val/nll": 0.48687854409217834, "Val/not_nll": 0.517535924911499, "Val/constraint_violation": 5.044672966003418, "Val/reg_value": 0.24452495574951172, "Monitor/checkup": 71.0, "epoch": 139, "trainer/global_step": 699, "_timestamp": 1745943250, "_runtime": 67535, "_step": 153, "Train/aug_lagrangian": 1.0628502368927002, "Train/nll": 0.5442736148834229, "Train/not_nll": 0.5185766220092773, "Aug_lag/mu": 0.005242879968136549, "Aug_lag/gamma": 0.0651303231716156, "Monitor/stationary": 22.0}